"Problem ID","Title","Name","Email","Bet at"
"P006","Out of stock in a dark store you can't see","Haider Millwala","haider_millwala@forge27.mesaschool.co","2026-10-05T11:19:06+05:30"
"P010","Two hundred order-taking calls a day","Rushabh Shah","rushabh_shah@forge27.mesaschool.co","2026-10-05T12:02:59+05:30"
"P011","""Do you have this part?""","Ujjwal Sitlani","ujjwal_sitlani@forge27.mesaschool.co","2026-10-05T11:42:10+05:30"
"P013","A D2C brand that can't find a factory","Ansh Loya","ansh_loya@forge27.mesaschool.co","2026-10-05T12:33:24+05:30"
"P021","Ageing parents, children 2,000 km away","Madhuresh Binzani","madhuresh_binzani@forge27.mesaschool.co","2026-10-05T11:19:24+05:30"
"P024","What will my surgery in India actually cost?","Rohan Vivek","rohan_vivek@forge27.mesaschool.co","2026-10-05T11:17:12+05:30"
"P035","Ten thousand unanswered doubts","Rahul M","rahul_m@forge27.mesaschool.co","2026-10-05T12:34:41+05:30"
"P113","Which truck actually makes money?","Yaswanth Krishna","yaswanth_krishna@forge27.mesaschool.co","2026-10-05T11:17:41+05:30"
"P160","Paying for leads that go nowhere","Brijesh Attal","brijesh_attal@forge27.mesaschool.co","2026-10-05T12:45:39+05:30"
"P161","Business data locked inside Tally","Aditi Bhateja","aditi_bhateja@forge27.mesaschool.co","2026-10-05T12:37:11+05:30"
"P170","Hidden instructions that hijack your AI agent","Abhishek Hosmani","abhishek_hosmani@forge27.mesaschool.co","2026-10-05T12:22:21+05:30"
