"ID","Title","Status","Mechanic","Old north star","New north star","Note"
"P001","The credit that never comes back","keep","Risk ranking","Days sales outstanding on a real distributor's ledger.","Rupees collected against overdue invoices across at least 20 retailer accounts in two weeks.","Days sales outstanding needs a month to move, so swapped to rupees collected in two weeks; removed 'anonymised' from the build."
"P002","Stock that ages in the back room","keep","Pricing or payback model","Full-price sell-through on a pilot set of items.","Units of flagged stock sold at full price in two weeks, across at least 20 items the retailer acted on.","Seasonal sell-through is unobservable by day 17, so narrowed it to full-price units moved on 20 flagged items in two weeks."
"P003","Quotes that arrive after the order is gone","keep","Pricing or payback model","Hours from enquiry to quote sent.","","North star already countable over ten real enquiries; labelled the mechanic as the costing model."
"P004","The supplier who raised prices without telling you","keep","Document reconciliation","Rupees of overcharges caught per month at a pilot business.","Rupees of overcharges found across at least 50 real supplier invoices at one business.","Dropped the per-month framing for a fixed count of real invoices the student can check inside 17 days."
"P005","Deductions modern trade takes from every payment","keep","Document reconciliation","Value of invalid deductions recovered per month.","Rupees of disputable deductions identified and evidenced across at least 50 real remittance lines.","Recovery depends on the retailer's own cycle, so measured deductions found and evidenced instead."
"P006","Out of stock in a dark store you can't see","keep","Field data capture","Share of target dark stores where the hero product is in stock, tracked daily.","","North star is already a daily observable count; expanded 'dark store' on first use."
"P007","Cash that leaks at the billing counter","keep","Risk ranking","Suspicious transactions flagged and confirmed per outlet per week.","","Weekly flagged-and-confirmed count is observable inside the sprint; mechanic is exception ranking over till data."
"P008","Orders that arrive as voice notes and notebook photos","keep","WhatsApp workflow","Share of orders that reach the billing system with no human retyping.","","North star measurable over the 100 real orders already required; no changes needed."
"P009","A quarter of every delivery order goes to the app","keep","WhatsApp workflow","Share of repeat orders placed direct at a pilot restaurant.","Repeat orders placed direct at one restaurant in two weeks, out of at least 20 orders.","Kept the UAE market framing but moved the pilot to an Indian restaurant the student can walk into, and put a number on the north star."
"P010","A year's rent in four cheques","cut","Risk ranking","Share of applicants a landlord accepts on monthly terms with no rise in missed payments.","","Cut: converting annual rent cheques to monthly needs lending capital and UAE central bank licensing, and the student has no route to a Dubai landlord or tenant."
"P011","Two hundred order-taking calls a day","keep","Voice agent","Share of order calls completed with a correct order and no human help.","","Removed the 'role-played' escape hatch so the 50 calls must be real retailer calls."
"P012","""Do you have this part?""","keep","Visual search","Share of real requests matched to the correct part number on the first try.","","North star is fine; named an Indian market for the pilot since the Lagos framing has no student route."
"P013","Expired medicines and the credit note that never comes","keep","Document reconciliation","Value of expired stock credited back per month at a pilot chemist.","Rupees of near-expiry stock caught in time to return at one chemist, across at least 20 line items.","Credit notes take months, so measured value caught inside the return window rather than value credited."
"P014","A D2C brand that can't find a factory","keep","Marketplace or directory","Days from brief to approved sample for a real brand.","Factories, out of at least 15 contacted, that confirm capacity and a minimum order against a real brand's brief.","Brief-to-approved-sample waits on a factory's production cycle, so measured verified factory responses instead."
"P015","Which designs actually sell?","keep","Visual search","Days a piece sits in inventory before it sells.","Reorder or markdown decisions the jeweller makes from your sell-through report, across at least ten design lines.","Days-to-sell on jewellery is far longer than 17 days, so promoted the acted-on decisions already implied by the build."
"P016","Regional supermarkets sitting on unsold ad space","cut","Marketplace or directory","Brand campaigns sold and measured per chain per month.","","Cut: selling measured retail media needs a supermarket chain to hand over till data and a brand to release ad budget, both enterprise deals; the same chain data is better used in P007."
"P017","Forty vendors, one wedding, one exhausted planner","keep","WhatsApp workflow","Vendor changes confirmed within an hour during one real event.","Vendor confirmations received within an hour on a live run-sheet, across at least 20 vendors.","Wedding season starts in November, after day 17, so the metric now rides on a real planner's pre-event vendor traffic instead of the event itself."
"P018","The customer got the parcel and still got a refund","keep","Evidence pack","Share of disputes won for a pilot merchant.","Disputes out of 20 where the merchant says your evidence pack is complete enough to submit as-is.","Win rates sit with the card networks' weeks-long cycle; also moved the pilot to an Indian cross-border merchant and removed 'real or realistic'."
"P019","""Find me something like this fabric""","keep","Visual search","Minutes from a buyer's photo to a correct match sent back.","","Minutes-to-match over 30 buyer queries is self-observable; no changes needed."
"P020","Permits that hold up every job","cut","Compliance mapper","Days from application to approved permit.","","Cut: US permit approval is a municipal decision cycle of weeks, code interpretation needs a licensed professional, and the student has no route to a US contractor or city portal."
"P021","Paying per WhatsApp message to customers who never read them","keep","WhatsApp workflow","Revenue per marketing message sent.","","Revenue per message is observable in a two-week live test; expanded the DPDP Act on first use."
"P022","Cashless claims that settle short","keep","Document reconciliation","Average deduction per claim at a pilot hospital.","","North star works on 30 historical claims; expanded third-party administrator, pre-authorisation and the DPDP Act."
"P023","The chronic medicine that's out of stock again","keep","WhatsApp workflow","Share of chronic patients who refill at the same chemist on time.","Patients who collect a refill after your reminder, out of at least 30 reminded in two weeks.","On-time refill share needs a full monthly cycle, so counted reminder-to-pickup conversions inside two weeks."
"P024","Ageing parents, children 2,000 km away","keep","Voice agent","Weekly check-in completion rate across pilot families.","","Check-in completion across five families over ten days is already observable; no changes needed."
"P025","Trials that can't find their patients","cut","Compliance mapper","Share of pre-screened patients a coordinator accepts as plausible matches.","","Cut: validating pre-screeners needs trial coordinators and patients with a specific condition, neither reachable by a student in 17 days, and final eligibility stays a clinical decision."
"P026","Home exercises nobody does","keep","Practice coach","Prescribed sessions completed per patient per week.","","North star is fine; fixed the sample floor at five patients."
"P027","Clinics overpaying for gloves and syringes","keep","Document reconciliation","Percentage saved on a month of real purchases.","Rupees of price gap found across at least 50 invoice lines for the same items at three clinics.","Realised savings need a purchase cycle, so measured the price gap found in real invoices instead."
"P028","Kenya's new health insurer and the clinics still waiting to be paid","cut","Compliance mapper","Days from discharge to claim payment at a pilot facility.","","Cut: no route to a Kenyan clinic and the scheme's rules are still shifting; relocated to India it becomes a thin duplicate of P022's claim pre-check."
"P029","Pharmacy First turned chemists into clinics","cut","Compliance mapper","Consultations claimed per week at a pilot pharmacy.","","Cut: needs English pharmacies on NHS clinical pathways and their claiming systems, which a student in India cannot reach; the pre-submission claim check duplicates P022."
"P030","What will my surgery in India actually cost?","keep","Marketplace or directory","Share of enquiries that become confirmed admissions at a partner hospital.","Comparable written estimates collected for one procedure from at least five hospitals.","Admissions depend on a patient's months-long decision, so measured the comparable estimates the student can gather directly."
"P031","IVF: expensive, opaque, emotional","cut","Scheduling or routing","Missed medication doses or appointments per cycle.","","Cut: the metric needs a full treatment cycle and the build needs five women mid-cycle to share sensitive fertility data with a student team in ten days; the build already leaned on 'simulated'."
"P032","The reimbursement claim rejected for a missing bill","keep","Evidence pack","Share of claims paid in full on the first submission.","Claim files out of at least ten where your checklist catches a missing document before the family submits.","First-pass payment waits on the insurer, so measured missing documents caught pre-submission across ten real families."
"P033","Nurse rosters built on spreadsheets and goodwill","keep","Scheduling or routing","Hours from a call-off to the shift being filled internally.","Roster days out of 30 that the nurse manager accepts without a manual fix.","Call-off fill time needs live operations; replaced with manager-accepted roster days and removed the 'realistic unit' hatch."
"P034","The X-ray machine has been down for three weeks","keep","Field data capture","Downtime days per machine per quarter.","Faults logged and triaged through the registry at one hospital in two weeks, across at least ten machines.","Downtime per quarter is unobservable by day 17, so counted real faults captured and triaged in two weeks."
"P035","Health cover became mandatory for every worker in the UAE","cut","Compliance mapper","Share of pilot employers who choose a compliant plan within a week.","","Cut: selling or placing UAE health cover needs an insurance licence, and the north star depends on employers actually buying through a licensed broker the student cannot be."
"P036","Treatment plans patients say no to","keep","Pricing or payback model","Treatment acceptance rate at a pilot clinic.","Patients who accept the proposed treatment, out of at least 15 shown your explanation at one clinic.","Put a sample size on the acceptance rate and anchored the pilot to an Indian clinic rather than the US or UAE."
"P037","The same blood test at three different prices","keep","Marketplace or directory","Average saving per test booked through the product.","Rupees saved per test across at least 20 real bookings made through the product.","Added a booking floor to the saving metric and expanded HbA1c and the accreditation board on first use."
"P038","""The phlebotomist didn't show up""","keep","Scheduling or routing","Share of collections that arrive within the booked slot.","Minutes of lateness removed across at least 20 real collections when re-planned with your routing.","On-time share needs live dispatch control, so measured lateness removed on real jobs; removed 'realistic' from the build."
"P039","Diabetes apps don't understand dosa","keep","Visual search","Meals logged per user per day.","","Meals per user per day over five users for a week already passes; mechanic is dish recognition from photos."
"P040","Speech therapy happens 30 minutes a week","keep","Practice coach","Home practice minutes per child per week.","Practice minutes logged per child over ten days, across at least five children.","Changed the weekly framing to a ten-day window and fixed the floor at five children."
"P041","The hospital bill nobody can read","keep","Document reconciliation","Dollars removed from patients' bills after disputes.","Rupees of questionable charges found across at least ten real hospital bills.","Dollars removed waits on the hospital's decision; moved the pilot to Indian hospital bills since US patients are unreachable, keeping the US market framing in the problem."
"P042","Working outdoors at 45°C","keep","Field data capture","Share of high-risk hours in which a work-rest break was taken.","High-risk hours in which a work-rest break was actually taken, logged across at least five workers for two weeks.","Added worker count and window to the north star and anchored the pilot site in India."
"P043","Ten thousand unanswered doubts","keep","Practice coach","Share of doubts answered correctly within an hour, as judged by faculty.","","Faculty-graded accuracy on 100 real doubts is observable inside the sprint; no changes needed."
"P044","300 handwritten answer sheets by Monday","keep","Document reconciliation","Agreement between suggested marks and an experienced teacher's marks.","","North star already measurable; replaced 'anonymised sheets' with real sheets with names removed."
"P045","Budget schools chasing fees","keep","WhatsApp workflow","Share of term fees collected by the due date.","Rupees collected from at least 30 families in fee arrears in two weeks.","Term-fee collection by due date spans a school term, so switched to rupees collected in two weeks and put the pilot in an Indian school."
"P046","Is studying abroad still worth it?","keep","Pricing or payback model","Share of families who change their shortlist after seeing the analysis.","","Shortlist changes across ten families are observable in a sitting; no changes needed."
"P047","Three attempts at the CA Final","keep","Practice coach","Marks gained on timed written answers over four weeks.","Marks gained between a student's first and third timed answer, across at least ten students in two weeks.","Four weeks is longer than the sprint, so compressed the gain to three timed answers over two weeks with ten students."
"P048","Learning Japanese to work in a Japanese care home","keep","Practice coach","Score gain on a job-scenario speaking test after two weeks.","Score gain on a job-scenario speaking test over ten days, across at least five learners.","Tightened the window to ten days and named the learner floor."
"P049","Choosing a daycare with nothing but a WhatsApp review","keep","Marketplace or directory","Share of parents who would enrol based on the information shown.","","Enrolment intent across 15 real parents is self-observable; no changes needed."
"P050","Accreditation season at India's colleges","keep","Compliance mapper","Hours to compile a complete accreditation data submission.","Evidence items out of at least 20 that the college's quality cell accepts as submission-ready.","Hours-to-compile has no baseline the student can observe, so counted evidence items the quality cell accepts; expanded both accreditation bodies."
"P051","Universities paying agents for students who never show up","cut","Risk ranking","Share of offers that turn into students who complete the first term.","","Cut: the metric needs a full first term, real applicant credentials are protected data, and a student has no route to an overseas admissions team; the build already relied on a 'realistic dataset'."
"P052","Nurses who need to pass the NCLEX to work abroad","keep","Practice coach","Practice-test score gain over four weeks.","Score gain between a first and second practice test over ten days, across at least ten nurses.","Four weeks exceeds the sprint, so compressed to two practice tests over ten days; expanded NCLEX and OET."
"P053","A teacher nobody has observed in years","keep","Practice coach","Share of teachers who change one practice after two weeks of feedback.","Teachers who change one named practice after two weeks of feedback, out of at least five.","Added a teacher floor of five so the share is a real count rather than a one-teacher anecdote."
"P054","Practising the wrong thing for a week","keep","Practice coach","Practice sessions per student per week.","Practice clips where the tool's feedback matches the teacher's own judgement, out of fifty clips from five students.","North star swapped from session counts to feedback accuracy a student can measure in two weeks against a real teacher's marking."
"P055","₹5 lakh for a college admissions counsellor","keep","Practice coach","Share of planned applications submitted on time with a reviewed essay.","Essays that a counsellor scores higher on a rubric after two rounds of feedback, out of ten applicants.","Old north star depended on application deadlines outside the 17 days; replaced with rubric movement the student can observe."
"P056","Every company with ten staff needs a POSH committee","keep","Compliance mapper","Share of employees who complete training and pass the check at a pilot company.","","Expanded POSH on first use; north star already passes with ten or more employees so only the pilot size is pinned."
"P057","Fighting for your child's IEP","cut","Evidence pack","Share of parents who go into an IEP meeting with a written list of requests.","","Cut: the Individualized Education Program is a US statutory process, a student in India has no route to a real parent or meeting, and relocating the pilot removes the legal frame the problem rests on."
"P058","WAEC and JAMB prep on a cheap Android phone","cut","Practice coach","Mock exam score gain over four weeks.","","Cut: no route to real Nigerian exam candidates in 17 days, and relocating the pilot to India makes it a thin duplicate of P059 and P063."
"P059","Paying ₹17,000 to retake IELTS for half a band","keep","Practice coach","Practice band score gain in speaking and writing over three weeks.","Band score gain in speaking and writing across fifteen learners after two weeks, marked against the official rubric.","Shortened the measurement window from three weeks to two so the gain lands inside day 17."
"P060","Students who quietly drop out of coaching by December","keep","Risk ranking","Share of at-risk students still enrolled after eight weeks.","Share of last year's dropouts the score flags correctly on one institute's past batch.","Old north star needed eight weeks of enrolment; promoted the back-test accuracy already implied in the build expectation."
"P061","Training budgets with nothing to show","cut","Practice coach","Change in one on-the-job behaviour measured before and after training.","","Cut: proving behaviour change needs corporate L&D sponsorship and employee performance data a student cannot get, and the role-play assessment left over duplicates P103."
"P062","Government money for apprentices that companies never claim","keep","Compliance mapper","Share of eligible stipend reimbursements claimed by a pilot employer.","Rupee value of unclaimed stipend reimbursement found across three employers' apprentice records.","Reimbursement depends on a government payment cycle, so the north star now measures claimable value found, not money received."
"P063","Class 6 students who can't do Class 3 maths","keep","Practice coach","Learning-level gain on a short diagnostic after two weeks.","","North star and build already measurable with one real class inside two weeks; mechanic only."
"P064","Rupee moves that wipe out a small importer's margin","keep","Pricing or payback model","Margin protected per shipment compared with doing nothing.","Rupee margin the hedging rule would have protected across ten of one trader's past shipments.","Pinned the north star to ten past shipments so it is a back-test the student can run, not a future margin."
"P065","The US duty bill that arrived after the sale","keep","Pricing or payback model","Share of US orders delivered without a refused parcel or surprise charge.","Landed-cost estimates within ten percent of the charges actually paid, across twenty past US shipments.","Delivery outcomes need a shipping cycle; promoted the landed-cost accuracy check already in the build expectation."
"P066","The 45-day rule nobody enforces","keep","WhatsApp workflow","Average days to payment from corporate buyers for pilot suppliers.","Rupee value of overdue invoices that buyers give a dated payment commitment on, across three suppliers in two weeks.","Expanded TReDS and Udyam, and replaced a days-to-payment metric that waits on a corporate payment cycle with dated commitments obtained."
"P067","E-invoicing arrives in the UAE","keep","Document reconciliation","Share of an SME's invoices that pass validation in the required format.","Share of fifty real PDF invoices converted into structured form that pass the format validation rules.","Pilot relocated to Indian SMEs under GST e-invoicing because there is no route to a real UAE SME; UAE framing kept in the problem, PINT AE expanded, and the 'real or realistic' hatch removed."
"P068","Discovering your policy's exclusions in the hospital","keep","Document reconciliation","Share of users who correctly answer what their policy covers for a common hospitalisation.","","North star passes; only pinned the build expectation to the ten real policyholders."
"P069","₹900 one day, ₹200 the next","keep","WhatsApp workflow","Share of pilot workers who cover an expense spike without an informal loan.","Rupees ten workers set aside as a buffer over two weeks of using the tool.","Old north star waited for an expense spike to occur; replaced with money actually set aside, which the student can count."
"P070","Money sent home that misses its purpose","cut","Marketplace or directory","Share of transfers delivered as paid bills rather than cash.","","Cut: paying a bill on a recipient's behalf across borders needs a payment licence or a licensed partner, and a student in India has no route to diaspora senders or merchant settlement."
"P071","The savings group that runs on trust and a notebook","keep","WhatsApp workflow","Share of contributions recorded and reconciled the day they're paid.","","North star passes; replaced the open-ended 'a cycle' with two weeks and five members."
"P072","Will we run out of cash in March?","keep","Pricing or payback model","Forecast error on the 13-week cash balance for a pilot business.","Forecast error against the balances that actually happened, across five businesses' past bank statements.","A 13-week forecast cannot be scored by day 17, so it is now a back-test against banked history with five businesses."
"P073","""This is the CBI. You are under digital arrest.""","keep","Practice coach","Share of role-played scam calls where the person stops before transferring.","","Passes as is: ten real older adults, observable in one sitting; role-play is the only ethical way to test and is kept."
"P074","Tax credit lost because a supplier didn't file","keep","Document reconciliation","Input tax credit recovered per month for a pilot business.","Rupee value of unclaimed input tax credit found across five real businesses.","Expanded GSTR-2B, and changed the north star from credit recovered, which needs a supplier to file, to credit found across five businesses."
"P075","NRI tax and the property sale nobody planned for","keep","Compliance mapper","Tax refunded or saved per NRI case in the pilot.","Rupee tax saving a CA confirms across ten real NRI cases.","Refunds take months, so the north star is now the saving a CA signs off on, and the cases must be real rather than scenarios."
"P076","Insurance that pays when the heatwave stops work","keep","Pricing or payback model","Share of real lost-work days in a past season that the trigger would have paid for.","","Expanded basis risk; the back-tested north star already passes."
"P077","Recurring billing finally works on Pix","cut","Pricing or payback model","Share of monthly charges collected on the due date.","","Cut: recurring debits on Pix need a Brazilian payment provider the students cannot sign, the build expectation rested on sandbox simulation, and there is no route to a real Brazilian merchant."
"P078","Rejected for a loan, no reason given","keep","Evidence pack","Share of pilot applications approved on the first submission.","Readiness gaps found for five real MSMEs that a banker agrees would have stalled the file.","Approval rate waits on a lender's credit cycle; the north star is now gaps a banker confirms in a single sitting."
"P079","Thirty accounts, four generations, one spreadsheet","cut","Document reconciliation","Share of a family's assets captured in one verified view.","","Cut: the build expectation only worked on synthetic statements, and no business family will hand a student their full multi-generation holdings inside 17 days."
"P080","Every loan now comes with a Key Fact Statement nobody reads","keep","Document reconciliation","Difference in total cost between the loan chosen and the borrower's first offer.","Rupee difference in true cost the comparison exposes across ten real loan offers.","Old north star depended on which loan the borrower chose; now it is the cost gap the tool exposes on ten real offers."
"P081","Thousands of crores in CSR, little evidence of impact","keep","Public records research","Hours an NGO spends on one CSR report.","Hours five NGOs spend producing one CSR report, with and without the template.","North star given an n of five NGOs so the hours saved are a comparison, not a single anecdote."
"P082","The part-time insurance agent with no system","keep","WhatsApp workflow","Renewal rate on an agent's book during the pilot.","Customers who reply to a renewal follow-up from one agent's real book in two weeks, out of fifty policies due.","Renewal rate needs a policy year to play out, so the north star is now replies to follow-ups on policies already due."
"P083","Money in accounts the family forgot about","keep","Public records research","Value of unclaimed assets found and claimed per family in the pilot.","Value of forgotten assets found across five real families' searches.","Claims take institutions months, so the north star now stops at value found, which the student sees the same day."
"P084","The letter of credit rejected for a typo","keep","Document reconciliation","Discrepancy rate on first presentation for pilot shipments.","Discrepancies in ten real document sets that an experienced banker or forwarder confirms are genuine.","Removed the 'real or realistic' hatch, expanded UCP 600, and replaced a bank presentation outcome with flags an expert confirms."
"P085","Half the shop floor leaves every quarter","keep","WhatsApp workflow","Share of new workers still employed after 30 days.","New workers who pass a supervisor's task check at the end of their first week, out of ten hires.","Thirty-day retention cannot be seen by day 17; replaced with a first-week competence check the supervisor scores."
"P086","Tax season: chasing 300 clients for documents","keep","WhatsApp workflow","Days from first request to a complete document set per client.","","Days-to-complete-set is observable across twenty real clients inside the pilot; mechanic only."
"P087","Contracts signed and forgotten","keep","Document reconciliation","Share of a company's contract obligations captured and calendared correctly.","","North star already scored by a lawyer's check on twenty real contracts; mechanic only."
"P088","The due diligence that delays the term sheet","keep","Evidence pack","Days from term sheet to diligence closing.","Diligence gaps found per startup across three real startups, confirmed by their CA or company secretary.","Days from term sheet to closing depends on an investor's timeline; replaced with verified gaps found across three startups."
"P089","The cheque bounced, now what?","keep","Evidence pack","Share of notices that lead to payment within 30 days.","Notices a lawyer signs off as ready to send without rewriting, out of five real cases.","Payment within 30 days falls outside the window; the north star is now lawyer sign-off on five real notices."
"P090","Junior associates spending nights on first drafts","keep","Document reconciliation","Partner review time per draft.","Partner review time per draft across ten real drafts, against the firm's usual time.","Gave the north star an n of ten drafts so the time saving is measured, not claimed."
"P091","Small businesses that are months behind on their books","keep","Document reconciliation","Hours to close one month of books for a pilot business.","Share of five hundred real transactions categorised correctly with no human correction.","Hours-to-close on one business was an n of one; replaced with categorisation accuracy over five hundred real transactions."
"P092","The lead that waited two days for a reply","keep","WhatsApp workflow","Median minutes from enquiry to first useful reply.","","Median reply time over two weeks of a real inbox already passes; mechanic only."
"P093","Export incentives small exporters forget to claim","keep","Compliance mapper","Incentive value claimed per shipment for a pilot exporter.","Rupee value of unclaimed incentives found across six months of one exporter's shipping bills.","Expanded RoDTEP, and changed the north star from value claimed, which waits on a portal and a credit cycle, to value found and confirmed."
"P094","The invoice, the PO and the goods receipt don't match","keep","Document reconciliation","Share of invoices matched and approved with no manual handling.","","Removed the 'anonymised' hatch and required real matched document sets from a live AP team."
"P095","Sales reps who never update the CRM","keep","Field data capture","Share of sales visits logged in the CRM within a day.","","Visits logged within a day across five or more real reps already passes; mechanic only."
"P096","Two percent of calls get reviewed","keep","Voice agent","Agreement between automated quality scores and expert QA scores.","","Removed the 'real or licensed' hatch; agreement with human QA on fifty real calls is observable in the window."
"P097","Five years of five-star ratings, usable nowhere else","keep","Evidence pack","Share of verified profiles accepted by a lender, landlord or employer in the pilot.","Verified worker profiles a lender or landlord rates as usable proof in a review session, out of ten.","Acceptance decisions sit in a credit queue, so the north star is now a same-day rating of ten profiles by a real gatekeeper."
"P098","The retired CFO an MSME can't find","keep","Marketplace or directory","Paid engagements started between MSMEs and experts.","Intro calls both sides rate as worth a second meeting, out of ten matches.","A paid engagement needs the MSME's own budget cycle; replaced with rated intro calls across ten matches."
"P099","Three weeks to onboard one vendor","keep","Document reconciliation","Days from vendor invite to approved vendor.","","Removed the 'real or realistic' hatch; days from invite to approval across ten real vendors is observable in two weeks."
"P100","Paying for a guard who wasn't at the gate","keep","Field data capture","Share of billed guard hours backed by verified attendance.","","Verified share of billed guard hours over a two-week pilot already passes; mechanic only."
"P101","The third visit for the same AC","keep","Field data capture","First-time fix rate on real jobs.","First-time fix rate across twenty real jobs during the pilot.","Gave the north star an explicit job count so the rate is not read off two or three visits."
"P102","Selling in 30 US states means owing tax in 30 states","cut","Compliance mapper","Share of a seller's states where obligations are correctly identified.","","Cut: a thin sibling of P065, which already covers US cross-border tax and landed cost for small Indian sellers with a stronger, document-based build."
"P103","Training staff who speak ten languages","keep","Practice coach","Share of staff who pass a practical check on an SOP after training.","","Pilot relocated to an Indian hospitality or retail floor because there is no route to real UAE frontline staff; the Gulf framing stays in the problem."
"P104","Not enough accountants to review the books","cut","Document reconciliation","Reviewer hours per engagement.","","Cut: the build expectation rested on realistic sample books, real US client ledgers are closed to students, and what remains duplicates P091's bookkeeping accuracy work."
"P105","The security questionnaire that stalls the deal","keep","Compliance mapper","Days from questionnaire received to answers sent.","Share of one hundred real questionnaire questions answered with a citation the founder accepts without edits.","Removed the 'real or sample' hatch and replaced turnaround days with answer-level accuracy the founder scores."
"P106","Rooftop solar: subsidy, sizing, vendor, maze","keep","Pricing or payback model","Share of interested households that reach a signed installation.","Sizing and payback estimates for ten real homes that an empanelled installer agrees with.","Expanded DISCOM, and replaced signed installations, which wait on subsidy and utility approval, with installer-verified sizing and payback."
"P107","The charger that says ""available"" but isn't working","keep","Field data capture","Share of charging attempts that succeed on the first try for pilot drivers.","","North star already passes; anchored the pilot in an Indian city since the problem spans Europe and India."
"P108","Cooling a tower in the desert","cut","Pricing or payback model","Cooling energy per square metre against a baseline week.","","Cut: once the pilot is relocated to India it is a thin duplicate of P117, which already covers cutting electricity cost from real bills and load shifting, and a Dubai facility manager is not reachable in 17 days."
"P109","The EU wants your steel's carbon footprint","keep","Compliance mapper","Gap between the exporter's verified emissions per tonne and the EU default value.","Emissions per tonne computed from real plant records for five exporter product lines.","Old north star depended on third-party verification and a single product line; replaced with a count of real product lines the student can compute and confirm themselves."
"P110","Proving the coffee didn't cost a forest","keep","Field data capture","Share of a cooperative's plots with geolocation and a passing deforestation check.","","North star and build expectation already pass with 20 real plots in India; added mechanic only."
"P111","The buffet that feeds the bin","keep","Field data capture","Kilograms of food wasted per cover.","","Relocated the pilot to an Indian kitchen while keeping the Gulf hotel market framing, and removed the either-or wording."
"P112","Twenty EV owners, one parking lot, no charger","keep","Evidence pack","Days from an owner's request to a working, metered charger.","Societies that get a costed load, billing and approval pack reviewed with their committee, out of five.","Old north star waited on a DISCOM approval cycle that runs for months; switched to packs produced and reviewed, and expanded DISCOM in constraints."
"P113","Selling tomatoes at a loss because the truck was already loaded","keep","Pricing or payback model","Realised price per kilo compared with the farmer's usual market.","","North star passes; expanded FPO on first use in the build expectation."
"P114","A sick cow is a lost month of income","keep","Voice agent","Share of heat cycles recorded and acted on during the pilot.","Animals with complete daily records after two weeks, across ten pilot farmers.","Heat cycles are too rare to give n of five inside 17 days, so the north star moves to records captured, which the student can count daily."
"P115","The fake pesticide bottle","keep","Visual search","Share of purchases verified at the counter in the pilot.","","North star and build expectation already pass with three dealers and ten farmers; added mechanic only."
"P116","Bengaluru's tanker-water dependency","keep","Field data capture","Tanker spend per household per month.","Litres of water unaccounted for per day across five blocks you meter.","Monthly tanker spend needs a billing cycle; replaced with a daily water gap the student measures themselves across five blocks."
"P117","Peak-hour electricity at peak-hour prices","keep","Pricing or payback model","Monthly electricity cost per unit of output.","Rupees of shiftable peak-hour charges found in five real businesses' bills.","Cost per unit of output needs a month of billing; promoted the shiftable peak-hour cost the student can compute from bills already in hand."
"P118","Deadstock fabric piling up in warehouses","keep","Marketplace or directory","Metres of deadstock sold per month.","Metres of deadstock sold or under firm order by day 17.","Removed the monthly framing so the quantity lands inside the sprint."
"P119","Repair, don't replace","keep","Pricing or payback model","Share of users who choose repair after getting an estimate.","Share of 20 real owners who choose repair after seeing your estimate.","Relocated the pilot to Indian repair shops and owners while keeping the EU repair-rights framing, and put n into the north star."
"P120","Plastic EPR targets nobody understands","keep","Compliance mapper","Hours to complete a brand's annual EPR filing.","Hours to produce a filing-ready obligation pack, measured across five real brands.","Expanded EPR on first use, and tied the hours metric to five real brands so it has n of five inside the sprint."
"P121","A shrimp pond that dies overnight","keep","Field data capture","Share of days with water quality recorded and out-of-range readings acted on.","","North star passes on days logged; removed the online fallback so real farms are required."
"P122","Should the delivery fleet go electric?","keep","Pricing or payback model","Share of pilot fleet owners who make a switching decision after the analysis.","Cost per kilometre gap between diesel and electric, computed from five real fleets' own route and fuel data.","A switching decision is a capital decision the owner will not make in 17 days; promoted the cost gap the student computes from real fleet data."
"P123","The flood risk no listing mentions","keep","Risk ranking","Share of pilot buyers who change an offer or a choice after seeing the report.","Share of 20 real addresses whose risk report a local resident or agent says matches what they have seen.","Old north star waited on a buyer's purchase decision; relocated the pilot to an Indian city while keeping the US insurance framing in the problem."
"P124","A used EV with a mystery battery","cut","Field data capture","Gap between estimated battery health and a service-centre diagnostic.","","Cut: needs diagnostic-port hardware, manufacturer battery data and five used EVs plus matching service-centre diagnostics, none of which a student can reach in 17 days."
"P125","The agri-input shop that is also the village bank","keep","Document reconciliation","Share of credit sales repaid on time at a pilot dealer.","Share of a dealer's outstanding credit accounts the farmer confirms as correct, across 20 accounts.","Repayment lands after harvest, so the north star moves to ledger accuracy confirmed with farmers, and the season wording is gone from the build."
"P126","A tractor for one day","keep","Scheduling or routing","Tractor utilisation days per month for owners in the pilot.","Bookings confirmed through the product for five real equipment owners in two weeks.","Removed simulate and for-a-season, relocated the pilot to Karnataka while keeping the African mechanisation framing, and replaced monthly utilisation with bookings confirmed."
"P127","The kabadiwala economy runs on cash and guesswork","keep","WhatsApp workflow","Kilograms of sorted scrap traded per week through the pilot.","","North star passes on kilos per week; made the build require real trades rather than just working alongside dealers."
"P128","Getting the deposit back","keep","Evidence pack","Rupees disputed per move-out across pilot tenancies.","Condition records signed by both tenant and landlord, out of 15 real tenancies.","Deposit disputes surface months later at move-out; switched to signed records, which the student counts during the sprint."
"P129","Building your own house without getting cheated","keep","Document reconciliation","Cost overrun on one real project stage against the agreed budget.","Rupees of over-quoting or missing items found across five real contractor quotes.","A stage overrun takes weeks and had n of one; promoted the quote errors the student finds themselves, across five quotes."
"P130","Site photos nobody reads","keep","WhatsApp workflow","Hours between a delay starting and the project manager knowing about it.","Daily site reports built from real photos and voice notes that the project manager agrees with, out of ten site days.","Hours-to-detection needs a delay to occur and a ground truth; switched to agreement on ten site days, and anchored the pilot in India."
"P131","Is this land title clean?","keep","Public records research","Share of title summaries a property lawyer agrees with on real cases.","","North star already passes with five real cases checked against a lawyer's opinion; added mechanic only."
"P132","Which truck actually makes money?","keep","Document reconciliation","Share of trips in a month with a complete profit figure.","Share of one owner's trips in two weeks with a complete profit figure, across at least 20 trips.","Replaced the monthly window with two weeks and 20 trips so the count is observable by day 17."
"P133","""Near the temple, opposite the old bank""","keep","Field data capture","First-attempt delivery success rate in the test area.","Share of 100 real addresses your system pins within 50 metres of the door, checked on foot.","First-attempt delivery rate needs a delivery operator; promoted on-foot pin accuracy and removed the realistic-addresses escape hatch."
"P134","The last two kilometres from the metro","cut","Scheduling or routing","Car trips replaced per commuter per week in a test group.","","Cut: running a pooled feeder shuttle needs vehicles, driver pay and an aggregator permit under Karnataka rules, so a student cannot reach a real ride in 17 days."
"P135","Paying for containers that sit at the port","keep","Document reconciliation","Detention and demurrage charges paid per container.","Rupees of avoidable or wrongly billed charges found across 20 real containers.","Charges paid per container depends on future shipments; promoted the recoverable amount the student finds in invoices already issued."
"P136","Trucks parked because there's no driver","keep","Marketplace or directory","Days a truck sits idle waiting for a driver.","Verified drivers matched to real vacancies in two weeks, out of 20 vacancies worked.","Idle days per truck depends on the owner's hiring cycle; switched to verified matches the student makes and counts."
"P137","Paying for a flat that isn't built yet","cut","Public records research","Share of tracked projects whose reported status matches progress on site.","","Cut: a thin Dubai sibling of P139, which does the same public-records builder scorecard with Indian data, and no student can check construction progress on a Dubai site."
"P138","The service bill that doubled at the dealership","keep","Pricing or payback model","Saving per service compared with the dealership estimate.","","North star already passes on 20 real estimates; added mechanic only."
"P139","Will this builder hand over on time?","keep","Public records research","Share of pilot buyers who change or confirm a decision after seeing the report.","Red flags found per builder in public records, across ten Bengaluru builders.","Old north star waited on a buyer confirming a booking decision; promoted the findings the student produces from public records."
"P140","Delivery riders and the roads that hurt them","keep","Field data capture","Risky events per hundred kilometres in a pilot group of riders.","","North star already passes with a week of sensor data from ten riders; added mechanic only."
"P141","Quarterly RERA filings for 200 projects","cut","Compliance mapper","Share of quarterly filings submitted on time without corrections.","","Cut: a quarterly filing needs a developer's internal project finance data and a chartered accountant's certification, and the public-records half duplicates P139."
"P142","Hosting a short-term rental in Europe now means paperwork","cut","Compliance mapper","Share of a host's listings that fully meet their city's rules.","","Cut: no route to a real European host in 17 days, and relocated to India it becomes a thin duplicate of the compliance-filing pattern in P120."
"P143","Can I build a backyard unit?","cut","Compliance mapper","Share of feasibility answers a builder agrees with on real parcels.","","Cut: no route to a Californian homeowner or builder, and the relocated version duplicates P131's public-records title and land-use work."
"P144","A truck waiting four days at the Malaba border","cut","Document reconciliation","Hours spent at the border per crossing for pilot shipments.","","Cut: a student cannot reach an East African border crossing or customs agent, and the document-readiness build duplicates P135."
"P145","Empty seats on the overnight bus","keep","Pricing or payback model","Revenue per trip on a real route.","","North star passes on revenue per trip; set ten real departures so the sample is big enough."
"P146","Wages for work nobody recorded","keep","Field data capture","Wage disputes per month on a pilot site.","Share of 30 workers' shifts recorded and confirmed by the worker over two weeks.","Disputes per month are rare and need a full wage cycle; promoted recorded and confirmed shifts, which accumulate daily."
"P147","Shipping 200 kilos to another city","keep","WhatsApp workflow","On-time delivery rate across real consignments.","","North star already passes across 20 real consignments; added mechanic only."
"P148","Empty warehouse space next to brands that need it","keep","Marketplace or directory","Days from a space request to goods stored.","Verified space listings a brand can act on, out of 20 warehouses contacted.","Days-to-goods-stored waits on a lease decision; switched to verified listings and real requests, both countable by day 17."
"P149","Where should the next outlet go?","keep","Risk ranking","How closely site scores track the actual sales of the chain's existing outlets.","How well your scores rank ten of the chain's existing outlets against their actual sales.","Tightened the north star to a back-test on ten real outlets so the quantity has a clear n."
"P150","A wardrobe full of clothes worn twice","keep","Visual search","Minutes per item from photo to live listing.","","North star already passes on minutes per item across 50 real items; added mechanic only."
"P151","Creators who don't know what to charge","keep","Pricing or payback model","Average fee per live deal compared with each creator's previous rate.","Rupee difference between a creator's old rate and the rate they quote using your benchmark, across ten creators.","Live deals may not close inside 17 days; switched to the quoted rate change, which the student sees with each creator."
"P152","Royalties Indian musicians never collect","keep","Document reconciliation","Royalty income identified per artist that wasn't being collected.","","North star already passes on royalties identified across five real catalogues; added mechanic only."
"P153","A fifth of every booking goes to the OTA","keep","WhatsApp workflow","Share of bookings made direct at a real property.","Direct bookings taken across three homestays in two weeks.","One property may not see five bookings in two weeks; widened the pilot to three properties and counted direct bookings."
"P154","Three months for a Schengen appointment","keep","Document reconciliation","Document-related rejection rate among applicants the product helps.","Document gaps found and fixed in ten real applicants' files before they submit.","Rejection rates wait on a consulate decision; promoted the gaps found before submission, which the student counts the same day."
"P155","A thousand pilgrims, one tour operator","keep","WhatsApp workflow","Share of pilgrims with complete documents a week before departure.","Share of 30 pilgrims whose documents are collected and checked complete within two weeks.","Tied the north star to the two-week window rather than a departure date that may fall outside the sprint."
"P156","New city, no friends","keep","Scheduling or routing","Share of participants who meet their group again within two weeks.","","North star already passes on repeat meetings inside two weeks; added mechanic only."
"P157","Kids in New Jersey who can't speak to their grandparents","keep","Practice coach","Minutes of spoken practice per child per week.","","North star already passes on spoken minutes per child per week across five families; added mechanic only."
"P158","The tiffin service run from a notebook","keep","WhatsApp workflow","Missed or wrong deliveries per hundred meals.","","North star already passes on errors per hundred meals in two weeks; added mechanic only."
"P159","An online coach with 80 clients and a spreadsheet","keep","WhatsApp workflow","Client renewal rate for a pilot coach.","Share of a coach's 30 clients who complete a weekly check-in through the product.","Renewal rate waits on a monthly billing cycle; promoted weekly check-in completion, which the coach and student see live."
"P160","A dive shop in Bali booking through Instagram DMs","keep","WhatsApp workflow","Share of enquiries that convert into paid bookings.","","Mechanic assigned; north star already countable inside the two-week pilot."
"P161","A medium in one brand, a large in the next","keep","Document reconciliation","Size-related return rate on a real brand's orders.","Of 30 shoppers who try on two sizes, the share for whom the recommended size is the one that fits.","Return rate needs a 30-day return window, so swapped to a fit check 30 shoppers can do inside the sprint."
"P162","African creators who can't get paid","cut","Marketplace or directory","Fan payments received per creator per month.","","Cut: receiving money for Nigerian, Kenyan and Ghanaian creators needs payment licensing and foreign exchange permissions a student cannot get in 17 days, and the build was only a prototype plus ten interviews."
"P163","Arriving in Toronto with no credit history","cut","Evidence pack","Share of users approved for a rental or credit product in their first month.","","Cut: the north star is a lender's or landlord's approval decision, and cross-border credit data sharing is not available to a student team."
"P164","Sports academies running on WhatsApp","keep","WhatsApp workflow","Share of fees collected on time.","Fees chased during the pilot that get paid within 48 hours of the reminder.","On-time fee collection runs on a monthly cycle, so narrowed it to reminder-to-payment inside the pilot."
"P165","Reward points that expire before anyone uses them","keep","Pricing or payback model","Value per point redeemed compared with the user's past redemptions.","For ten users, the extra value of the redemption you find compared with the one they were about to take.","Made the comparison explicit and bounded to the ten users the team actually tracks."
"P166","The first 90 days in Dubai","keep","Scheduling or routing","Days from arrival to full setup.","Of the setup plans you write for five newcomers, how many steps a UAE human resources manager or relocation agent marks as wrongly ordered.","Days-to-full-setup takes months and depends on government offices, so the plan is now graded by an external practitioner."
"P167","The concert ticket that was already sold","keep","Risk ranking","Share of fraudulent listings caught in a test set of real resale listings.","Of 100 real resale listings, how many of your fraud flags two reviewers agree with when they check the listings blind.","Replaced self-defined ground truth with blind human adjudication of the same listings."
"P168","Followers you can't trust","keep","Risk ranking","How well authenticity scores predict which creators drove real sales in a past campaign.","","Mechanic assigned; north star is already graded against a brand's past campaign outcomes."
"P169","Travelling with a parent in a wheelchair","keep","Field data capture","Share of trips completed without an accessibility problem.","Of 30 places that advertise step-free access, how many fail a wheelchair check you run on site.","Completed trips cannot be observed in 17 days, so promoted the 30 site verifications already in the build expectation."
"P170","Selling live to 300 viewers in Jakarta","keep","WhatsApp workflow","Share of comment orders captured correctly.","Of the comment orders across three live streams, how many the seller confirms you captured correctly.","Named the seller as the person who confirms the count, and fixed n at three streams."
"P171","The machine stopped and nobody wrote down why","keep","Field data capture","Downtime hours per machine per week.","Downtime hours logged on five machines in one week, with the supervisor confirming each entry.","Kept the metric but tied it to supervisor confirmation so the log is not self-certified."
"P172","Spotting defects with a phone camera","keep","Visual search","Agreement with an experienced inspector's calls on real parts.","","Mechanic assigned; the experienced inspector is already the external adjudicator."
"P173","The production plan that changes every morning","keep","Scheduling or routing","On-time delivery rate on a real order book.","Of at least five live orders, how many still hit the date you promised at the start of the fortnight.","A full on-time delivery rate needs a quarter of order history, so narrowed it to five live promises inside the sprint."
"P174","One supplier away from shutting down","keep","Risk ranking","Days of warning before a supplier problem would hit production.","Of ten supplier disruptions that already happened, how many your monitoring would have flagged before the shipment was due.","Waiting for a live supplier failure is a lottery, so moved the measurement onto ten documented past disruptions."
"P175","The factory audit staged for the day","cut","WhatsApp workflow","Worker issues raised and resolved through the channel during the pilot.","","Cut: an anonymous worker grievance channel inside a real factory exposes workers to retaliation and is not safe for an untrained student to run."
"P176","Near misses nobody reports","keep","Field data capture","Near-miss reports closed with an action per week.","","Mechanic assigned; reports closed with an action are countable inside a two-week pilot."
"P177","""Please update our bank details""","keep","Document reconciliation","Share of simulated bank-change attempts caught before payment.","Of ten bank-change requests written by someone outside your team, how many the flow stops before payment.","Removed the self-written simulation; the attempts now come from a team that did not build the defence."
"P178","The ex-employee who still has the password","keep","Compliance mapper","Hours between an employee leaving and all their access being removed.","Live accounts still belonging to people who have already left, found and closed across three businesses.","The old metric needed someone to resign mid-sprint; this counts stale access that already exists."
"P179","Denied cyber insurance for missing two-factor login","cut","Compliance mapper","Share of insurer requirements met within two weeks.","","Cut as one of the repeated compliance-inventory problems (P182 and P207 kept), and because the north star depended on an insurer's underwriting decision."
"P180","Sourcing 40 components for a prototype","keep","Document reconciliation","Hours to fully quote a real bill of materials.","Hours to fully quote each of five real bills of materials, against how long the team takes today.","Raised n from one bill of materials to five so the time saving is observable rather than anecdotal."
"P181","Batch records filled in at the end of the shift","keep","Field data capture","Minutes to trace a batch from raw material to customer in a mock recall.","Minutes to trace a batch end to end in five mock recalls the quality head sets for you.","Fixed n at five mock recalls set by someone else, and expanded GMP and FSSAI."
"P182","A BIS licence before you can sell","keep","Compliance mapper","Share of products whose certification obligations are identified correctly.","Of 20 real products, how many you classify the same way as a certification consultant.","Kept as one of the two compliance-inventory problems; added a consultant as adjudicator and expanded Quality Control Orders and BIS."
"P183","Wrong item in the box","keep","Field data capture","Picking errors per thousand orders.","Picking errors caught before packing, per hundred orders checked.","A small warehouse will not ship a thousand orders in a week, so rebased to per hundred orders; expanded SKU."
"P184","Buying steel on the wrong day","keep","Pricing or payback model","Average cost per tonne compared with the owner's past buying.","Across the owner's last ten purchases, how many your timing rule would have bought cheaper.","A purchase may not fall inside the sprint, so moved the test onto ten past purchases."
"P185","Fakes of your product on every marketplace","keep","Visual search","Successful takedowns per week on real listings.","Counterfeit listings you find that the brand owner confirms are fakes, per week.","Takedowns sit in a platform moderation queue, so the brand owner's confirmation is now the count."
"P186","The label that fails inspection","keep","Compliance mapper","Share of label issues found that a regulatory consultant confirms.","","Expanded FSSAI; the regulatory consultant already grades the work."
"P187","The cloud bill nobody expected","keep","Pricing or payback model","Monthly cloud spend saved in a real account.","Rupees of monthly waste you identify in one real account that the founder agrees to switch off.","Next month's bill arrives after day 17, so the count is now waste identified and agreed by the founder."
"P188","Crates that never come back","keep","Field data capture","Crate return rate per month.","Crates returned during the pilot fortnight as a share of crates sent out.","Rebased the monthly return rate onto the pilot fortnight."
"P189","DPDP compliance for a 20-person startup","cut","Compliance mapper","Share of personal-data flows mapped and covered by a valid notice.","","Cut as a repeated compliance-inventory problem (P182 and P207 kept), and because DPDP obligations only bite in May 2027 so nothing can be observed now."
"P190","Paying for leads that go nowhere","keep","Risk ranking","Conversion rate of the leads the team calls.","Of the leads you rank highest, how many the salesperson rates as genuine after calling them.","B2B conversion will not close inside two weeks, so the salesperson's post-call verdict is the observable signal."
"P191","Business data locked inside Tally","keep","Document reconciliation","Times per week the owner checks live numbers on their phone.","Days in the two-week pilot on which the owner checks live numbers on their phone without being prompted.","Rebased weekly usage onto the pilot days so it is countable with one owner."
"P192","Your brand doesn't come up when people ask ChatGPT","keep","Public records research","Mention rate across a fixed set of buyer questions.","","Mechanic assigned; mention rate across 50 fixed questions is observable within the sprint."
"P193","When the shopper is an AI agent","cut","Agent safety and testing","Share of simulated agent shopping tasks completed correctly.","","Cut: the agent commerce protocols barely exist in the wild today, and the student would have built both the store and the simulated agent shopper that grades it."
"P194","The person on the interview call isn't the candidate","cut","Agent safety and testing","Share of simulated impostors caught in tests.","","Cut: the student would build the impostors and then score themselves against them, and running deepfake accusations against real candidates is a bias and safety risk."
"P195","Assignments ChatGPT finishes in a minute","keep","Practice coach","Agreement between redesigned-assessment results and short oral checks.","","Mechanic assigned; faculty-run oral checks are the external adjudicator."
"P196","Testing a voice agent before customers do","keep","Agent safety and testing","Real failures found per 100 simulated conversations.","Failures that the agent's own team confirms are real, per 100 conversations, on an agent you did not build.","Removed the self-grading loop: the agent under test and the person confirming the failures must both be external."
"P197","Five-star reviews written by a model","keep","Evidence pack","Share of flagged reviews that platforms remove.","Of 50 reviews you flag as fake, how many two independent reviewers agree with after reading your evidence.","Platform removals sit in a moderation queue, so the count is now blind agreement from two outside reviewers."
"P198","The app built in a weekend that leaks its database","keep","Risk ranking","Critical issues found and fixed per app scanned.","","Mechanic assigned; issues found and fixed across ten real apps is countable by day 17."
"P199","Customer support in Bahasa, Tagalog and Tamil","keep","Voice agent","Share of queries in one language resolved without a human.","","Removed the role-played fallback so the test runs on real calls."
"P200","The EU AI Act for a 30-person company","cut","Compliance mapper","Share of AI systems classified correctly, as checked by a lawyer.","","Cut as a repeated compliance-inventory problem (P182 and P207 kept), and EU AI Act classification depends on guidance still being written plus an EU lawyer the team cannot reach."
"P201","Confidential data pasted into a chatbot","keep","Risk ranking","Share of sensitive data caught before it leaves the company.","Of 50 sensitive snippets written by someone outside your team, how many the extension catches before they leave the browser.","Added an externally written test set so the detection rate is not self-graded, and kept real users on the extension."
"P202","A voice cloned without permission","keep","Marketplace or directory","Licensed voice projects completed on terms the artist agreed to.","Of ten voice artists you approach, how many sign your consent and licence terms.","Completed licensed projects depend on a studio's commissioning cycle, so the count is signed consent from artists."
"P203","Hidden instructions that hijack your AI agent","keep","Agent safety and testing","Attack success rate on a fixed set of pages.","","Mechanic assigned; this is the pattern the other agent problems were rewritten towards."
"P204","An AI agent calling the restaurant","cut","Agent safety and testing","Share of simulated agent calls that end in a correct booking.","","Cut: inbound AI assistant calls to small businesses barely happen yet, and the student would have built both the booking endpoint and the simulated callers that grade it."
"P205","Indian apps a blind user can't use","keep","Field data capture","Share of target tasks blind testers complete alone.","","Mechanic assigned; blind testers completing tasks alone is observable and externally judged."
"P206","Captions for a lecture in Kannada and English","keep","Voice agent","Caption word accuracy on real lectures.","Word error rate, the share of words transcribed wrongly, on five real lectures against hand-corrected transcripts.","Expanded word error rate and named the hand-corrected transcript as the reference."
"P207","An online store the EU says is inaccessible","keep","Compliance mapper","Accessibility issues fixed per store, confirmed with a screen reader.","","Kept as one of the two compliance-inventory problems; fixes confirmed with a screen reader are already observable by day 17."
"P208","The forms that pile up when you have ADHD","keep","Practice coach","Missed admin deadlines per user per month.","Missed admin deadlines per user across the two-week pilot, against the fortnight before.","Rebased the monthly metric onto the pilot fortnight with a before-baseline, and explained body-doubling."
"P209","A deepfake of your founder selling a scam","cut","Evidence pack","Hours from a deepfake ad going live to its removal.","","Cut: hours-to-removal is a platform's decision cycle, finding five live deepfake ads for one brand in a fortnight is not reliable, and P185 already covers monitoring and takedown work."
"P210","AI crawlers read your site and send no visitors","keep","Document reconciliation","Share of AI crawler traffic identified and covered by a chosen policy.","","Mechanic assigned; crawler traffic identified across three sites' logs is countable within the sprint."
"P211","Is this video real?","keep","Evidence pack","Minutes to verify one media item.","","Expanded C2PA; minutes to verify 30 items is already observable."
"P212","Ordering by voice when you can't read the screen","keep","Voice agent","Share of voice orders completed without an error.","","Mechanic assigned; completed voice orders across 15 users is observable by day 17."
